Unnamed: 1,Age,G,GS,Att,Yds,TD,Lng,Y/A,Y/G,A/G,Tgt,Rec,Yds.1,Y/R,TD.1,Lng.1,R/G,Y/G.1,Ctch%,Touch,Y/Tch,YScm,RRTD,Fmb,t_pts,f_ppg
Kareem Hunt,22,16,16,272,1327,8,69,4.9,82.9,17.0,63.0,53.0,455.0,8.6,3.0,78.0,3.3,28.4,84.1,325,5.5,1782,11,1,297.20000000000005,18.6
Todd Gurley,23,15,15,279,1305,13,57,4.7,87.0,18.6,87.0,64.0,788.0,12.3,6.0,80.0,4.3,52.5,73.6,343,6.1,2093,19,5,387.3,25.8
Le'Veon Bell,25,15,15,321,1291,9,27,4.0,86.1,21.4,106.0,85.0,655.0,7.7,2.0,42.0,5.7,43.7,80.2,406,4.8,1946,11,3,345.6,23.0
LeSean McCoy,29,16,16,287,1138,6,48,4.0,71.1,17.9,77.0,59.0,448.0,7.6,2.0,39.0,3.7,28.0,76.6,346,4.6,1586,8,3,265.6,16.6
Mark Ingram,28,16,13,230,1124,12,72,4.9,70.3,14.4,71.0,58.0,416.0,7.2,0.0,54.0,3.6,26.0,81.7,288,5.3,1540,12,3,284.0,17.8
Jordan Howard,23,16,16,276,1122,9,53,4.1,70.1,17.3,32.0,23.0,125.0,5.4,0.0,12.0,1.4,7.8,71.9,299,4.2,1247,9,1,201.7,12.6
Melvin Gordon,24,16,16,284,1105,8,87,3.9,69.1,17.8,83.0,58.0,476.0,8.2,4.0,49.0,3.6,29.8,69.9,342,4.6,1581,12,1,288.1,18.0
Leonard Fournette,22,13,13,268,1040,9,90,3.9,80.0,20.6,48.0,36.0,302.0,8.4,1.0,28.0,2.8,23.2,75.0,304,4.4,1342,10,2,230.20000000000002,17.7
C.J. Anderson,26,16,16,245,1007,3,40,4.1,62.9,15.3,40.0,28.0,224.0,8.0,1.0,25.0,1.8,14.0,70.0,273,4.5,1231,4,1,175.10000000000002,10.9
Ezekiel Elliott,22,10,10,242,983,7,30,4.1,98.3,24.2,38.0,26.0,269.0,10.3,2.0,72.0,2.6,26.9,68.4,268,4.7,1252,9,1,205.2,20.5
Alex Collins,23,15,12,212,973,6,50,4.6,64.9,14.1,36.0,23.0,187.0,8.1,0.0,37.0,1.5,12.5,63.9,235,4.9,1160,6,4,175.0,11.7
Frank Gore,34,16,16,261,961,3,21,3.7,60.1,16.3,38.0,29.0,245.0,8.4,1.0,26.0,1.8,15.3,76.3,290,4.2,1206,4,3,173.60000000000002,10.9
Carlos Hyde,27,16,16,240,938,8,61,3.9,58.6,15.0,88.0,59.0,350.0,5.9,0.0,18.0,3.7,21.9,67.0,299,4.3,1288,8,2,235.8,14.7
Dion Lewis,27,16,8,180,896,6,44,5.0,56.0,11.3,35.0,32.0,214.0,6.7,3.0,20.0,2.0,13.4,91.4,212,5.2,1110,9,0,197.0,12.3
Marshawn Lynch,31,15,15,207,891,7,51,4.3,59.4,13.8,31.0,20.0,151.0,7.6,0.0,26.0,1.3,10.1,64.5,227,4.6,1042,7,1,166.2,11.1
Lamar Miller,26,16,13,238,888,3,21,3.7,55.5,14.9,45.0,36.0,327.0,9.1,3.0,32.0,2.3,20.4,80.0,274,4.4,1215,6,1,193.5,12.1
Jay Ajayi,24,14,8,208,873,1,71,4.2,62.4,14.9,34.0,24.0,158.0,6.6,1.0,32.0,1.7,11.3,70.6,232,4.4,1031,2,3,139.10000000000002,9.9
Devonta Freeman,25,14,14,196,865,7,44,4.4,61.8,14.0,47.0,36.0,317.0,8.8,1.0,29.0,2.6,22.6,76.6,232,5.1,1182,8,4,202.2,14.4
Isaiah Crowell,24,16,16,206,853,2,59,4.1,53.3,12.9,42.0,28.0,182.0,6.5,0.0,38.0,1.8,11.4,66.7,234,4.4,1035,2,1,143.5,9.0
Latavius Murray,27,16,11,216,842,8,46,3.9,52.6,13.5,17.0,15.0,103.0,6.9,0.0,28.0,0.9,6.4,88.2,231,4.1,945,8,1,157.5,9.8
Bilal Powell,29,15,10,178,772,5,75,4.3,51.5,11.9,33.0,23.0,170.0,7.4,0.0,31.0,1.5,11.3,69.7,201,4.7,942,5,1,147.2,9.8
LeGarrette Blount,31,16,11,173,766,2,68,4.4,47.9,10.8,8.0,8.0,50.0,6.3,1.0,20.0,0.5,3.1,100.0,181,4.5,816,3,1,107.60000000000001,6.7
Cam Newton,28,16,16,139,754,6,69,5.4,47.1,8.7,0.0,0.0,0.0,0.0,0.0,0.0,0.0,0.0,0.0,139,5.4,754,6,9,111.4,7.0
Orleans Darkwa,25,15,11,171,751,5,75,4.4,50.1,11.4,28.0,19.0,116.0,6.1,0.0,13.0,1.3,7.7,67.9,190,4.6,867,5,1,135.7,9.0
Derrick Henry,23,16,2,176,744,5,75,4.2,46.5,11.0,17.0,11.0,136.0,12.4,1.0,66.0,0.7,8.5,64.7,187,4.7,880,6,1,135.0,8.4
Alvin Kamara,22,16,3,120,728,8,74,6.1,45.5,7.5,100.0,81.0,826.0,10.2,5.0,40.0,5.1,51.6,81.0,201,7.7,1554,13,1,314.4,19.6
Jonathan Stewart,30,15,10,198,680,6,60,3.4,45.3,13.2,15.0,8.0,52.0,6.5,1.0,21.0,0.5,3.5,53.3,206,3.6,732,7,3,123.2,8.2
DeMarco Murray,29,15,15,184,659,6,75,3.6,43.9,12.3,47.0,39.0,266.0,6.8,1.0,18.0,2.6,17.7,83.0,223,4.1,925,7,1,173.5,11.6
Kenyan Drake,23,16,6,133,644,3,66,4.8,40.3,8.3,48.0,32.0,239.0,7.5,1.0,47.0,2.0,14.9,66.7,165,5.4,883,4,2,144.3,9.0
Tevin Coleman,24,15,3,156,628,5,52,4.0,41.9,10.4,39.0,27.0,299.0,11.1,3.0,39.0,1.8,19.9,69.2,183,5.1,927,8,1,167.7,11.2
Joe Mixon,21,14,7,178,626,4,25,3.5,44.7,12.7,34.0,30.0,287.0,9.6,0.0,67.0,2.1,20.5,88.2,208,4.4,913,4,3,145.3,10.4
Samaje Perine,22,16,8,175,603,1,30,3.4,37.7,10.9,24.0,22.0,182.0,8.3,1.0,25.0,1.4,11.4,91.7,197,4.0,785,2,2,112.5,7.0
Javorius Allen,26,16,0,153,591,4,37,3.9,36.9,9.6,60.0,46.0,250.0,5.4,2.0,20.0,2.9,15.6,76.7,199,4.2,841,6,0,166.10000000000002,10.4
Russell Wilson,29,16,16,95,586,3,31,6.2,36.6,5.9,0.0,0.0,0.0,0.0,0.0,0.0,0.0,0.0,0.0,95,6.2,586,3,14,76.6,4.8
Jerick McKinnon,25,16,1,150,570,3,58,3.8,35.6,9.4,68.0,51.0,421.0,8.3,2.0,41.0,3.2,26.3,75.0,201,4.9,991,5,3,180.10000000000002,11.3
Jamaal Williams,22,16,7,153,556,4,25,3.6,34.8,9.6,34.0,25.0,262.0,10.5,2.0,54.0,1.6,16.4,73.5,178,4.6,818,6,0,142.8,8.9
Ameer Abdullah,24,14,11,165,552,4,34,3.3,39.4,11.8,35.0,25.0,162.0,6.5,1.0,22.0,1.8,11.6,71.4,190,3.8,714,5,2,126.4,9.0
Alfred Morris,29,14,5,115,547,1,70,4.8,39.1,8.2,9.0,7.0,45.0,6.4,0.0,13.0,0.5,3.2,77.8,122,4.9,592,1,0,72.2,5.2
Adrian Peterson,32,10,7,156,529,2,27,3.4,52.9,15.6,19.0,11.0,70.0,6.4,0.0,13.0,1.1,7.0,57.9,167,3.6,599,2,3,82.9,8.3
Wayne Gallman,23,13,1,111,476,0,24,4.3,36.6,8.5,48.0,34.0,193.0,5.7,1.0,11.0,2.6,14.8,70.8,145,4.6,669,1,3,106.9,8.2
Matt Breida,22,16,0,105,465,2,33,4.4,29.1,6.6,36.0,21.0,180.0,8.6,1.0,32.0,1.3,11.3,58.3,126,5.1,645,3,1,103.5,6.5
Giovani Bernard,26,16,2,105,458,2,25,4.4,28.6,6.6,60.0,43.0,389.0,9.0,2.0,61.0,2.7,24.3,71.7,148,5.7,847,4,0,151.7,9.5
Aaron Jones,23,12,4,81,448,4,46,5.5,37.3,6.8,18.0,9.0,22.0,2.4,0.0,9.0,0.8,1.8,50.0,90,5.2,470,4,0,80.0,6.7
Christian McCaffrey,21,16,10,117,435,2,40,3.7,27.2,7.3,113.0,80.0,651.0,8.1,5.0,37.0,5.0,40.7,70.8,197,5.5,1086,7,2,230.60000000000002,14.4
Tyrod Taylor,28,15,14,84,427,4,32,5.1,28.5,5.6,0.0,0.0,0.0,0.0,0.0,0.0,0.0,0.0,0.0,84,5.1,427,4,4,66.7,4.4
Kerwynn Williams,26,16,6,120,426,1,25,3.6,26.6,7.5,15.0,10.0,93.0,9.3,0.0,25.0,0.6,5.8,66.7,130,4.0,519,1,0,67.9,4.2
Peyton Barber,23,16,4,108,423,3,34,3.9,26.4,6.8,19.0,16.0,114.0,7.1,0.0,34.0,1.0,7.1,84.2,124,4.3,537,3,2,87.7,5.5
DeShone Kizer,21,15,15,77,419,5,20,5.4,27.9,5.1,0.0,0.0,0.0,0.0,0.0,0.0,0.0,0.0,0.0,77,5.4,419,5,9,71.9,4.8
Doug Martin,28,11,8,138,406,3,27,2.9,36.9,12.5,18.0,9.0,84.0,9.3,0.0,17.0,0.8,7.6,50.0,147,3.3,490,3,1,76.0,6.9
Mike Gillislee,27,9,2,104,383,5,16,3.7,42.6,11.6,1.0,1.0,15.0,15.0,0.0,15.0,0.1,1.7,100.0,105,3.8,398,5,1,70.80000000000001,7.9
Chris Ivory,29,14,3,112,382,1,34,3.4,27.3,8.0,28.0,21.0,175.0,8.3,1.0,29.0,1.5,12.5,75.0,133,4.2,557,2,2,88.7,6.3
Matt Forte,32,12,4,103,381,2,20,3.7,31.8,8.6,45.0,37.0,293.0,7.9,1.0,34.0,3.1,24.4,82.2,140,4.8,674,3,1,122.4,10.2
Tarik Cohen,22,16,4,87,370,2,46,4.3,23.1,5.4,71.0,53.0,353.0,6.7,1.0,70.0,3.3,22.1,74.6,140,5.2,723,3,3,143.3,9.0
Marlon Mack,21,14,0,93,358,3,35,3.8,25.6,6.6,33.0,21.0,225.0,10.7,1.0,34.0,1.5,16.1,63.6,114,5.1,583,4,1,103.30000000000001,7.4
Dak Prescott,24,16,16,57,357,6,21,6.3,22.3,3.6,0.0,0.0,0.0,0.0,0.0,0.0,0.0,0.0,0.0,57,6.3,357,6,4,71.7,4.5
Alex Smith,33,15,15,60,355,1,70,5.9,23.7,4.0,0.0,0.0,0.0,0.0,0.0,0.0,0.0,0.0,0.0,60,5.9,355,1,2,41.5,2.8
Dalvin Cook,22,4,4,74,354,2,33,4.8,88.5,18.5,16.0,11.0,90.0,8.2,0.0,36.0,2.8,22.5,68.8,85,5.2,444,2,1,67.4,16.8
Duke Johnson,24,16,0,82,348,4,19,4.2,21.8,5.1,93.0,74.0,693.0,9.4,3.0,41.0,4.6,43.3,79.6,156,6.7,1041,7,4,220.10000000000002,13.8
D'Onta Foreman,21,10,1,78,327,2,39,4.2,32.7,7.8,8.0,6.0,83.0,13.8,0.0,34.0,0.6,8.3,75.0,84,4.9,410,2,2,59.0,5.9
Blake Bortles,25,16,16,57,322,2,28,5.6,20.1,3.6,0.0,0.0,0.0,0.0,0.0,0.0,0.0,0.0,0.0,57,5.6,322,2,9,44.2,2.8
Corey Clement,23,16,0,74,321,4,28,4.3,20.1,4.6,15.0,10.0,123.0,12.3,2.0,28.0,0.6,7.7,66.7,84,5.3,444,6,0,90.4,5.6
Elijah McGuire,23,16,2,88,315,1,69,3.6,19.7,5.5,26.0,17.0,177.0,10.4,1.0,38.0,1.1,11.1,65.4,105,4.7,492,2,2,78.2,4.9
Marcus Mariota,24,15,15,60,312,5,34,5.2,20.8,4.0,0.0,0.0,0.0,0.0,0.0,0.0,0.0,0.0,0.0,60,5.2,312,5,2,61.2,4.1
Devontae Booker,25,13,0,79,299,1,26,3.8,23.0,6.1,38.0,30.0,275.0,9.2,0.0,29.0,2.3,21.2,78.9,109,5.3,574,1,2,93.4,7.2
Carson Wentz,25,13,13,64,299,0,24,4.7,23.0,4.9,0.0,0.0,0.0,0.0,0.0,0.0,0.0,0.0,0.0,64,4.7,299,0,9,29.900000000000002,2.3
Jamaal Charles,31,14,0,69,296,1,19,4.3,21.1,4.9,28.0,23.0,129.0,5.6,0.0,20.0,1.6,9.2,82.1,92,4.6,425,1,2,71.5,5.1
Chris Thompson,27,10,1,64,294,2,61,4.6,29.4,6.4,54.0,39.0,510.0,13.1,4.0,74.0,3.9,51.0,72.2,103,7.8,804,6,3,155.4,15.5
Theo Riddick,26,16,5,84,286,3,21,3.4,17.9,5.3,71.0,53.0,444.0,8.4,2.0,63.0,3.3,27.8,74.6,137,5.3,730,5,1,156.0,9.8
Jalen Richard,24,16,1,56,275,1,52,4.9,17.2,3.5,36.0,27.0,256.0,9.5,1.0,39.0,1.7,16.0,75.0,83,6.4,531,2,8,92.1,5.8
Ty Montgomery,24,8,5,71,273,3,37,3.8,34.1,8.9,31.0,23.0,173.0,7.5,1.0,23.0,2.9,21.6,74.2,94,4.7,446,4,0,91.6,11.4
Brett Hundley,24,11,9,36,270,2,24,7.5,24.5,3.3,1.0,1.0,10.0,10.0,0.0,10.0,0.1,0.9,100.0,37,7.6,280,2,4,41.0,3.7
Tavon Austin,27,16,9,59,270,1,27,4.6,16.9,3.7,22.0,13.0,47.0,3.6,0.0,13.0,0.8,2.9,59.1,72,4.4,317,1,5,50.7,3.2
Deshaun Watson,22,7,6,36,269,2,49,7.5,38.4,5.1,0.0,0.0,0.0,0.0,0.0,0.0,0.0,0.0,0.0,36,7.5,269,2,3,38.900000000000006,5.6
Rex Burkhead,27,10,3,64,264,5,31,4.1,26.4,6.4,36.0,30.0,254.0,8.5,3.0,23.0,3.0,25.4,83.3,94,5.5,518,8,1,129.8,13.0
Alfred Blue,26,11,0,71,262,1,48,3.7,23.8,6.5,9.0,7.0,54.0,7.7,0.0,14.0,0.6,4.9,77.8,78,4.1,316,1,0,44.6,4.1
Austin Ekeler,22,16,0,47,260,2,35,5.5,16.3,2.9,35.0,27.0,279.0,10.3,3.0,38.0,1.7,17.4,77.1,74,7.3,539,5,2,110.9,6.9
Jacoby Brissett,24,16,15,63,260,4,25,4.1,16.3,3.9,0.0,0.0,0.0,0.0,0.0,0.0,0.0,0.0,0.0,63,4.1,260,4,8,50.0,3.1
T.J. Yeldon,24,10,0,49,253,2,58,5.2,25.3,4.9,41.0,30.0,224.0,7.5,0.0,20.0,3.0,22.4,73.2,79,6.0,477,2,2,89.7,9.0
Corey Grant,26,16,0,30,248,2,58,8.3,15.5,1.9,4.0,3.0,41.0,13.7,0.0,28.0,0.2,2.6,75.0,33,8.8,289,2,1,43.900000000000006,2.7
Mitch Trubisky,23,12,12,41,248,2,46,6.0,20.7,3.4,0.0,0.0,0.0,0.0,0.0,0.0,0.0,0.0,0.0,41,6.0,248,2,10,36.8,3.1
Mike Tolbert,32,12,0,66,247,1,25,3.7,20.6,5.5,17.0,14.0,78.0,5.6,0.0,12.0,1.2,6.5,82.4,80,4.1,325,1,2,52.5,4.4
Malcolm Brown,24,11,1,63,246,1,20,3.9,22.4,5.7,11.0,9.0,53.0,5.9,0.0,16.0,0.8,4.8,81.8,72,4.2,299,1,1,44.900000000000006,4.1
Jacquizz Rodgers,27,16,4,64,244,1,36,3.8,15.3,4.0,11.0,9.0,74.0,8.2,0.0,15.0,0.6,4.6,81.8,73,4.4,318,1,0,46.8,2.9
Mike Davis,24,6,6,68,240,0,33,3.5,40.0,11.3,18.0,15.0,131.0,8.7,0.0,23.0,2.5,21.8,83.3,83,4.5,371,0,0,52.1,8.7
Rod Smith,25,15,1,55,232,4,45,4.2,15.5,3.7,23.0,19.0,202.0,10.6,1.0,81.0,1.3,13.5,82.6,74,5.9,434,5,0,92.4,6.2
Chris Carson,23,4,3,49,208,0,30,4.2,52.0,12.3,8.0,7.0,59.0,8.4,1.0,10.0,1.8,14.8,87.5,56,4.8,267,1,0,39.7,9.9
Robert Kelley,25,7,7,62,194,3,21,3.1,27.7,8.9,7.0,4.0,18.0,4.5,0.0,9.0,0.6,2.6,57.1,66,3.2,212,3,0,43.2,6.2
J.D. McKissic,24,13,1,46,187,1,30,4.1,14.4,3.5,46.0,34.0,266.0,7.8,2.0,27.0,2.6,20.5,73.9,80,5.7,453,3,0,97.30000000000001,7.5
Damien Williams,25,11,4,46,181,0,69,3.9,16.5,4.2,28.0,20.0,155.0,7.8,1.0,24.0,1.8,14.1,71.4,66,5.1,336,1,0,59.6,5.4
Kirk Cousins,29,16,16,49,179,4,18,3.7,11.2,3.1,0.0,0.0,0.0,0.0,0.0,0.0,0.0,0.0,0.0,49,3.7,179,4,13,41.900000000000006,2.6
Eddie Lacy,27,9,3,69,179,0,19,2.6,19.9,7.7,6.0,6.0,47.0,7.8,0.0,14.0,0.7,5.2,100.0,75,3.0,226,0,0,28.6,3.2
Wendell Smallwood,23,8,3,47,174,1,26,3.7,21.8,5.9,18.0,13.0,103.0,7.9,0.0,24.0,1.6,12.9,72.2,60,4.6,277,1,0,46.7,5.8
James White,25,14,4,43,171,0,10,4.0,12.2,3.1,72.0,56.0,429.0,7.7,3.0,27.0,4.0,30.6,77.8,99,6.1,600,3,0,134.0,9.6
Tion Green,24,5,0,42,165,2,33,3.9,33.0,8.4,2.0,2.0,14.0,7.0,0.0,9.0,0.4,2.8,100.0,44,4.1,179,2,0,31.900000000000002,6.4
Shane Vereen,28,16,0,45,164,0,17,3.6,10.3,2.8,53.0,44.0,253.0,5.8,0.0,20.0,2.8,15.8,83.0,89,4.7,417,0,0,85.7,5.4
Case Keenum,29,15,14,40,160,1,22,4.0,10.7,2.7,0.0,0.0,0.0,0.0,0.0,0.0,0.0,0.0,0.0,40,4.0,160,1,1,22.0,1.5
Thomas Rawls,24,12,3,58,157,0,23,2.7,13.1,4.8,13.0,9.0,94.0,10.4,0.0,22.0,0.8,7.8,69.2,67,3.7,251,0,1,34.1,2.8
DeAndre Washington,24,15,0,57,153,2,11,2.7,10.2,3.8,45.0,34.0,197.0,5.8,1.0,15.0,2.3,13.1,75.6,91,3.8,350,3,2,87.0,5.8
James Conner,22,14,0,32,144,0,23,4.5,10.3,2.3,1.0,0.0,0.0,0.0,0.0,0.0,0.0,0.0,0.0,32,4.5,144,0,0,14.4,1.0
Matt Ryan,32,16,16,32,143,0,16,4.5,8.9,2.0,0.0,0.0,0.0,0.0,0.0,0.0,0.0,0.0,0.0,32,4.5,143,0,4,14.3,0.9
Terrance West,26,5,4,39,138,2,13,3.5,27.6,7.8,4.0,2.0,23.0,11.5,0.0,15.0,0.4,4.6,50.0,41,3.9,161,2,1,30.1,6.0
C.J. Beathard,24,7,5,26,136,3,16,5.2,19.4,3.7,0.0,0.0,0.0,0.0,0.0,0.0,0.0,0.0,0.0,26,5.2,136,3,3,31.6,4.5
Jameis Winston,23,13,13,33,135,1,17,4.1,10.4,2.5,0.0,0.0,0.0,0.0,0.0,0.0,0.0,0.0,0.0,33,4.1,135,1,15,19.5,1.5
Terron Ward,25,14,0,30,129,0,17,4.3,9.2,2.1,3.0,3.0,14.0,4.7,0.0,11.0,0.2,1.0,100.0,33,4.3,143,0,1,17.3,1.2
Trevor Siemian,26,11,10,31,127,1,15,4.1,11.5,2.8,0.0,0.0,0.0,0.0,0.0,0.0,0.0,0.0,0.0,31,4.1,127,1,5,18.700000000000003,1.7
Aaron Rodgers,34,7,7,24,126,0,18,5.3,18.0,3.4,0.0,0.0,0.0,0.0,0.0,0.0,0.0,0.0,0.0,24,5.3,126,0,1,12.600000000000001,1.8
Josh McCown,38,13,13,37,124,5,22,3.4,9.5,2.8,0.0,0.0,0.0,0.0,0.0,0.0,0.0,0.0,0.0,37,3.4,124,5,11,42.4,3.3
Elijhaa Penny,24,16,0,31,124,2,14,4.0,7.8,1.9,6.0,4.0,38.0,9.5,0.0,18.0,0.3,2.4,66.7,35,4.6,162,2,0,32.2,2.0
Cordarrelle Patterson,26,16,2,13,121,2,47,9.3,7.6,0.8,42.0,31.0,309.0,10.0,0.0,59.0,1.9,19.3,73.8,44,9.8,430,2,3,86.0,5.4
Jeremy Hill,25,7,7,37,116,0,13,3.1,16.6,5.3,4.0,4.0,16.0,4.0,0.0,10.0,0.6,2.3,100.0,41,3.2,132,0,1,17.200000000000003,2.5
Chris Johnson,32,4,3,45,114,0,11,2.5,28.5,11.3,6.0,5.0,43.0,8.6,0.0,15.0,1.3,10.8,83.3,50,3.1,157,0,0,20.700000000000003,5.2
Stevan Ridley,28,2,1,26,108,1,21,4.2,54.0,13.0,0.0,0.0,0.0,0.0,0.0,0.0,0.0,0.0,0.0,26,4.2,108,1,0,16.8,8.4
Andy Dalton,30,16,16,38,99,0,25,2.6,6.2,2.4,0.0,0.0,0.0,0.0,0.0,0.0,0.0,0.0,0.0,38,2.6,99,0,4,9.9,0.6
Matthew Stafford,29,16,16,29,98,0,15,3.4,6.1,1.8,0.0,0.0,0.0,0.0,0.0,0.0,0.0,0.0,0.0,29,3.4,98,0,11,9.8,0.6
Travis Benjamin,28,16,3,13,96,0,22,7.4,6.0,0.8,62.0,34.0,567.0,16.7,4.0,62.0,2.1,35.4,54.8,47,14.1,663,4,2,124.3,7.8
Travaris Cadet,28,9,0,23,96,0,12,4.2,10.7,2.6,19.0,16.0,119.0,7.4,0.0,16.0,1.8,13.2,84.2,39,5.5,215,0,0,37.5,4.2
Charles Sims,27,16,0,21,95,0,21,4.5,5.9,1.3,47.0,35.0,249.0,7.1,1.0,25.0,2.2,15.6,74.5,56,6.1,344,1,1,75.4,4.7
Cameron Artis-Payne,27,13,0,18,95,1,43,5.3,7.3,1.4,1.0,1.0,2.0,2.0,0.0,2.0,0.1,0.2,100.0,19,5.1,97,1,0,16.700000000000003,1.3
Paul Perkins,23,11,4,41,90,0,14,2.2,8.2,3.7,10.0,8.0,46.0,5.8,0.0,11.0,0.7,4.2,80.0,49,2.8,136,0,0,21.6,2.0
Branden Oliver,26,8,0,35,83,0,26,2.4,10.4,4.4,11.0,6.0,26.0,4.3,0.0,11.0,0.8,3.3,54.5,41,2.7,109,0,0,16.9,2.1
Blaine Gabbert,28,5,5,23,82,0,12,3.6,16.4,4.6,0.0,0.0,0.0,0.0,0.0,0.0,0.0,0.0,0.0,23,3.6,82,0,7,8.200000000000001,1.6
Kapri Bibbs,24,3,0,21,79,0,16,3.8,26.3,7.0,17.0,14.0,128.0,9.1,1.0,36.0,4.7,42.7,82.4,35,5.9,207,1,0,40.7,13.6
Ryan Fitzpatrick,35,6,3,16,76,0,15,4.8,12.7,2.7,0.0,0.0,0.0,0.0,0.0,0.0,0.0,0.0,0.0,16,4.8,76,0,0,7.6000000000000005,1.3
Charcandrick West,26,13,0,18,72,2,21,4.0,5.5,1.4,34.0,27.0,150.0,5.6,2.0,25.0,2.1,11.5,79.4,45,4.9,222,4,1,73.2,5.6
Kevin Hogan,25,4,1,10,71,0,11,7.1,17.8,2.5,0.0,0.0,0.0,0.0,0.0,0.0,0.0,0.0,0.0,10,7.1,71,0,1,7.1000000000000005,1.8
Brandon Bolden,27,16,0,13,67,0,20,5.2,4.2,0.8,4.0,1.0,7.0,7.0,0.0,7.0,0.1,0.4,25.0,14,5.3,74,0,0,8.4,0.5
Derek Carr,26,15,15,23,66,0,32,2.9,4.4,1.5,0.0,0.0,0.0,0.0,0.0,0.0,0.0,0.0,0.0,23,2.9,66,0,8,6.6000000000000005,0.4
Brock Osweiler,27,6,4,14,64,1,18,4.6,10.7,2.3,0.0,0.0,0.0,0.0,0.0,0.0,0.0,0.0,0.0,14,4.6,64,1,2,12.4,2.1
Curtis Samuel,21,9,4,4,64,0,31,16.0,7.1,0.4,26.0,15.0,115.0,7.7,0.0,23.0,1.7,12.8,57.7,19,9.4,179,0,0,32.900000000000006,3.7
Darren Sproles,34,3,0,15,61,0,12,4.1,20.3,5.0,12.0,7.0,73.0,10.4,0.0,16.0,2.3,24.3,58.3,22,6.1,134,0,1,20.4,6.8
Tyreek Hill,23,15,13,17,59,0,16,3.5,3.9,1.1,105.0,75.0,1183.0,15.8,7.0,79.0,5.0,78.9,71.4,92,13.5,1242,7,2,241.2,16.1
Tyler Lockett,25,16,8,10,58,0,22,5.8,3.6,0.6,71.0,45.0,555.0,12.3,2.0,74.0,2.8,34.7,63.4,55,11.1,613,2,0,118.30000000000001,7.4
Kenjon Barner,27,13,1,16,57,1,18,3.6,4.4,1.2,8.0,5.0,56.0,11.2,0.0,22.0,0.4,4.3,62.5,21,5.4,113,1,3,22.3,1.7
Danny Woodhead,32,8,0,14,56,0,10,4.0,7.0,1.8,39.0,33.0,200.0,6.1,0.0,22.0,4.1,25.0,84.6,47,5.4,256,0,0,58.6,7.3
Andre Ellington,28,12,2,20,55,1,14,2.8,4.6,1.7,59.0,39.0,369.0,9.5,0.0,29.0,3.3,30.8,66.1,59,7.2,424,1,0,87.4,7.3
Bryce Petty,26,4,3,7,55,0,24,7.9,13.8,1.8,0.0,0.0,0.0,0.0,0.0,0.0,0.0,0.0,0.0,7,7.9,55,0,1,5.5,1.4
Adoree' Jackson,22,16,16,5,55,0,20,11.0,3.4,0.3,1.0,0.0,0.0,0.0,0.0,0.0,0.0,0.0,0.0,5,11.0,55,0,1,5.5,0.3
Joe Flacco,32,16,16,25,54,1,25,2.2,3.4,1.6,0.0,0.0,0.0,0.0,0.0,0.0,0.0,0.0,0.0,25,2.2,54,1,6,11.4,0.7
Joe Webb,31,16,0,8,54,0,22,6.8,3.4,0.5,0.0,0.0,0.0,0.0,0.0,0.0,0.0,0.0,0.0,8,6.8,54,0,0,5.4,0.3
Robert Turbin,28,6,1,23,53,1,7,2.3,8.8,3.8,11.0,9.0,56.0,6.2,0.0,16.0,1.5,9.3,81.8,32,3.4,109,1,0,25.9,4.3
Lance Dunbar,27,4,0,11,51,1,12,4.6,12.8,2.8,3.0,1.0,1.0,1.0,0.0,1.0,0.3,0.3,33.3,12,4.3,52,1,0,12.2,3.0
Jared Goff,23,15,15,28,51,1,22,1.8,3.4,1.9,0.0,0.0,0.0,0.0,0.0,0.0,0.0,0.0,0.0,28,1.8,51,1,8,11.100000000000001,0.7
T.J. Yates,30,4,3,5,51,0,15,10.2,12.8,1.3,0.0,0.0,0.0,0.0,0.0,0.0,0.0,0.0,0.0,5,10.2,51,0,5,5.1000000000000005,1.3
Taylor Gabriel,26,16,4,8,49,0,15,6.1,3.1,0.5,51.0,33.0,378.0,11.5,1.0,40.0,2.1,23.6,64.7,41,10.4,427,1,0,81.7,5.1
Trey Edmunds,23,16,0,9,48,1,41,5.3,3.0,0.6,0.0,0.0,0.0,0.0,0.0,0.0,0.0,0.0,0.0,9,5.3,48,1,0,10.8,0.7
Ben Roethlisberger,35,15,15,28,47,0,14,1.7,3.1,1.9,0.0,0.0,0.0,0.0,0.0,0.0,0.0,0.0,0.0,28,1.7,47,0,3,4.7,0.3
Marquise Goodwin,27,16,16,4,44,0,18,11.0,2.8,0.3,105.0,56.0,962.0,17.2,2.0,83.0,3.5,60.1,53.3,60,16.8,1006,2,0,168.60000000000002,10.5
Dwayne Washington,23,5,0,20,44,0,6,2.2,8.8,4.0,2.0,2.0,14.0,7.0,0.0,10.0,0.4,2.8,100.0,22,2.6,58,0,0,7.800000000000001,1.6
Jamize Olawale,28,12,0,9,43,1,11,4.8,3.6,0.8,7.0,6.0,33.0,5.5,0.0,9.0,0.5,2.8,85.7,15,5.1,76,1,1,19.6,1.6
Taywan Taylor,22,16,4,8,43,0,17,5.4,2.7,0.5,28.0,16.0,231.0,14.4,1.0,53.0,1.0,14.4,57.1,24,11.4,274,1,0,49.400000000000006,3.1
Michael Campanaro,26,13,0,5,42,0,19,8.4,3.2,0.4,27.0,19.0,173.0,9.1,1.0,18.0,1.5,13.3,70.4,24,9.0,215,1,4,46.5,3.6
Marcus Murphy,26,1,0,7,41,0,25,5.9,41.0,7.0,2.0,2.0,7.0,3.5,0.0,5.0,2.0,7.0,100.0,9,5.3,48,0,0,6.800000000000001,6.8
Brandin Cooks,24,16,15,9,40,0,13,4.4,2.5,0.6,114.0,65.0,1082.0,16.6,7.0,64.0,4.1,67.6,57.0,74,15.2,1122,7,0,219.2,13.7
Anthony Sherman,29,16,3,14,40,1,9,2.9,2.5,0.9,8.0,6.0,47.0,7.8,0.0,11.0,0.4,2.9,75.0,20,4.4,87,1,0,20.700000000000003,1.3
Ted Ginn,32,15,10,10,39,0,15,3.9,2.6,0.7,70.0,53.0,787.0,14.8,4.0,54.0,3.5,52.5,75.7,63,13.1,826,4,2,159.60000000000002,10.6
DeSean Jackson,31,14,13,3,38,0,23,12.7,2.7,0.2,90.0,50.0,668.0,13.4,3.0,41.0,3.6,47.7,55.6,53,13.3,706,3,0,138.60000000000002,9.9
JJ Nelson,25,16,5,3,37,0,16,12.3,2.3,0.2,61.0,29.0,508.0,17.5,2.0,46.0,1.8,31.8,47.5,32,17.0,545,2,1,95.5,6.0
Brian Hill,22,7,0,11,37,0,11,3.4,5.3,1.6,2.0,2.0,36.0,18.0,0.0,34.0,0.3,5.1,100.0,13,5.6,73,0,0,9.3,1.3
Jamison Crowder,24,15,6,7,34,0,11,4.9,2.3,0.5,103.0,66.0,789.0,12.0,3.0,41.0,4.4,52.6,64.1,73,11.3,823,3,6,166.3,11.1
Chad Williams,23,6,1,2,33,0,33,16.5,5.5,0.3,7.0,3.0,31.0,10.3,0.0,15.0,0.5,5.2,42.9,5,12.8,64,0,0,9.4,1.6
Darrius Heyward-Bey,30,16,0,2,32,1,29,16.0,2.0,0.1,3.0,2.0,47.0,23.5,0.0,44.0,0.1,2.9,66.7,4,19.8,79,1,0,15.9,1.0
Jay Cutler,34,14,14,19,32,0,9,1.7,2.3,1.4,0.0,0.0,0.0,0.0,0.0,0.0,0.0,0.0,0.0,19,1.7,32,0,6,3.2,0.2
Byron Marshall,23,4,0,9,32,0,11,3.6,8.0,2.3,8.0,6.0,36.0,6.0,0.0,12.0,1.5,9.0,75.0,15,4.5,68,0,0,12.8,3.2
Kyle Juszczyk,26,14,10,7,31,0,12,4.4,2.2,0.5,42.0,33.0,315.0,9.5,1.0,44.0,2.4,22.5,78.6,40,8.7,346,1,2,73.6,5.3
Senorise Perry,26,16,0,8,30,0,12,3.8,1.9,0.5,1.0,1.0,3.0,3.0,0.0,3.0,0.1,0.2,100.0,9,3.7,33,0,0,4.300000000000001,0.3
Raheem Mostert,25,11,0,6,30,0,16,5.0,2.7,0.5,0.0,0.0,0.0,0.0,0.0,0.0,0.0,0.0,0.0,6,5.0,30,0,1,3.0,0.3
Paxton Lynch,23,2,2,5,30,0,11,6.0,15.0,2.5,0.0,0.0,0.0,0.0,0.0,0.0,0.0,0.0,0.0,5,6.0,30,0,2,3.0,1.5
Benny Cunningham,27,14,0,9,29,0,12,3.2,2.1,0.6,26.0,20.0,240.0,12.0,2.0,40.0,1.4,17.1,76.9,29,9.3,269,2,1,58.900000000000006,4.2
Mack Brown,26,4,0,8,29,0,11,3.6,7.3,2.0,1.0,1.0,11.0,11.0,0.0,11.0,0.3,2.8,100.0,9,4.4,40,0,0,5.0,1.2
Zach Line,27,12,4,7,28,0,9,4.0,2.3,0.6,5.0,2.0,8.0,4.0,1.0,5.0,0.2,0.7,40.0,9,4.0,36,1,0,11.6,1.0
Tom Brady,40,16,16,25,28,0,7,1.1,1.8,1.6,0.0,0.0,0.0,0.0,0.0,0.0,0.0,0.0,0.0,25,1.1,28,0,7,2.8000000000000003,0.2
Kaelin Clay,25,13,2,3,27,0,29,9.0,2.1,0.2,19.0,6.0,85.0,14.2,0.0,28.0,0.5,6.5,31.6,9,12.4,112,0,3,17.200000000000003,1.3
ArDarius Stewart,24,15,2,7,27,0,11,3.9,1.8,0.5,13.0,6.0,82.0,13.7,0.0,46.0,0.4,5.5,46.2,13,8.4,109,0,0,16.9,1.1
Eli Manning,36,15,15,12,26,1,14,2.2,1.7,0.8,0.0,0.0,0.0,0.0,0.0,0.0,0.0,0.0,0.0,12,2.2,26,1,11,8.6,0.6
Zach Zenner,26,8,0,14,26,1,14,1.9,3.3,1.8,1.0,0.0,0.0,0.0,0.0,0.0,0.0,0.0,0.0,14,1.9,26,1,0,8.6,1.1
Fitzgerald Toussaint,27,6,0,6,25,0,7,4.2,4.2,1.0,3.0,2.0,9.0,4.5,0.0,7.0,0.3,1.5,66.7,8,4.3,34,0,0,5.4,0.9
Andre Williams,25,8,0,9,25,0,7,2.8,3.1,1.1,0.0,0.0,0.0,0.0,0.0,0.0,0.0,0.0,0.0,9,2.8,25,0,0,2.5,0.3
Chris Jones,28,16,0,1,24,0,24,24.0,1.5,0.1,0.0,0.0,0.0,0.0,0.0,0.0,0.0,0.0,0.0,1,24.0,24,0,0,2.4000000000000004,0.2
Derek Watt,25,16,4,6,24,0,17,4.0,1.5,0.4,3.0,2.0,35.0,17.5,0.0,23.0,0.1,2.2,66.7,8,7.4,59,0,0,7.9,0.5
David Johnson,26,1,1,11,23,0,6,2.1,23.0,11.0,9.0,6.0,67.0,11.2,0.0,24.0,6.0,67.0,66.7,17,5.3,90,0,2,15.0,15.0
Akeem Hunt,24,15,0,8,23,0,11,2.9,1.5,0.5,7.0,4.0,31.0,7.8,0.0,20.0,0.3,2.1,57.1,12,4.5,54,0,0,9.4,0.6
C.J. Prosise,23,5,0,11,23,0,8,2.1,4.6,2.2,11.0,6.0,87.0,14.5,0.0,46.0,1.2,17.4,54.5,17,6.5,110,0,0,17.0,3.4
Nathan Peterman,23,4,2,7,23,0,9,3.3,5.8,1.8,0.0,0.0,0.0,0.0,0.0,0.0,0.0,0.0,0.0,7,3.3,23,0,2,2.3000000000000003,0.6
Golden Tate,29,16,12,5,22,0,10,4.4,1.4,0.3,120.0,92.0,1003.0,10.9,5.0,71.0,5.8,62.7,76.7,97,10.6,1025,5,1,224.5,14.0
Martavis Bryant,26,15,8,6,22,0,13,3.7,1.5,0.4,84.0,50.0,603.0,12.1,3.0,51.0,3.3,40.2,59.5,56,11.2,625,3,0,130.5,8.7
Nate Sudfeld,24,1,0,1,22,0,22,22.0,22.0,1.0,0.0,0.0,0.0,0.0,0.0,0.0,0.0,0.0,0.0,1,22.0,22,0,0,2.2,2.2
David Fluellen,25,16,0,4,21,0,10,5.3,1.3,0.3,1.0,0.0,0.0,0.0,0.0,0.0,0.0,0.0,0.0,4,5.3,21,0,0,2.1,0.1
Russell Shepard,27,15,3,2,19,0,11,9.5,1.3,0.1,32.0,17.0,202.0,11.9,1.0,40.0,1.1,13.5,53.1,19,11.6,221,1,1,45.1,3.0
D.J. Foster,24,7,0,6,19,0,5,3.2,2.7,0.9,28.0,17.0,133.0,7.8,0.0,20.0,2.4,19.0,60.7,23,6.6,152,0,0,32.2,4.6
Fozzy Whittaker,28,12,0,7,18,0,8,2.6,1.5,0.6,6.0,5.0,47.0,9.4,1.0,28.0,0.4,3.9,83.3,12,5.4,65,1,0,17.5,1.5
Chris Hogan,29,9,7,3,17,0,13,5.7,1.9,0.3,59.0,34.0,439.0,12.9,5.0,47.0,3.8,48.8,57.6,37,12.3,456,5,0,109.6,12.2
Randall Cobb,27,15,14,9,17,0,10,1.9,1.1,0.6,92.0,66.0,653.0,9.9,4.0,46.0,4.4,43.5,71.7,75,8.9,670,4,1,157.0,10.5
Marqise Lee,26,14,14,1,17,0,17,17.0,1.2,0.1,96.0,56.0,702.0,12.5,3.0,45.0,4.0,50.1,58.3,57,12.6,719,3,1,145.9,10.4
Bruce Ellington,26,11,6,3,17,0,13,5.7,1.5,0.3,57.0,29.0,330.0,11.4,2.0,35.0,2.6,30.0,50.9,32,10.8,347,2,1,75.7,6.9
Bernard Reedy,26,11,0,3,17,0,10,5.7,1.5,0.3,2.0,2.0,21.0,10.5,0.0,15.0,0.2,1.9,100.0,5,7.6,38,0,1,5.800000000000001,0.5
Alex Erickson,25,16,0,5,16,0,14,3.2,1.0,0.3,16.0,12.0,180.0,15.0,1.0,37.0,0.8,11.3,75.0,17,11.5,196,1,6,37.6,2.4
Julio Jones,28,16,16,1,15,0,15,15.0,0.9,0.1,148.0,88.0,1444.0,16.4,3.0,53.0,5.5,90.3,59.5,89,16.4,1459,3,0,251.9,15.7
Terrance Williams,28,16,14,2,15,0,9,7.5,0.9,0.1,78.0,53.0,568.0,10.7,0.0,56.0,3.3,35.5,67.9,55,10.6,583,0,0,111.30000000000001,7.0
EJ Manuel,27,2,1,2,15,0,10,7.5,7.5,1.0,0.0,0.0,0.0,0.0,0.0,0.0,0.0,0.0,0.0,2,7.5,15,0,0,1.5,0.8
Jojo Natson,23,7,0,1,15,0,15,15.0,2.1,0.1,5.0,2.0,18.0,9.0,0.0,19.0,0.3,2.6,40.0,3,11.0,33,0,1,5.300000000000001,0.8
Evan Engram,23,15,11,1,14,0,14,14.0,0.9,0.1,115.0,64.0,722.0,11.3,6.0,35.0,4.3,48.1,55.7,65,11.3,736,6,0,173.60000000000002,11.6
Tommylee Lewis,25,15,0,2,14,0,8,7.0,0.9,0.1,14.0,10.0,116.0,11.6,1.0,52.0,0.7,7.7,71.4,12,10.8,130,1,1,29.0,1.9
Nate Ebner,29,9,0,1,14,0,14,14.0,1.6,0.1,0.0,0.0,0.0,0.0,0.0,0.0,0.0,0.0,0.0,1,14.0,14,0,1,1.4000000000000001,0.2
MarQueis Gray,28,16,0,5,14,0,5,2.8,0.9,0.3,3.0,1.0,10.0,10.0,0.0,10.0,0.1,0.6,33.3,6,4.0,24,0,0,3.4000000000000004,0.2
Matt Jones,24,5,0,5,14,0,5,2.8,2.8,1.0,0.0,0.0,0.0,0.0,0.0,0.0,0.0,0.0,0.0,5,2.8,14,0,0,1.4000000000000001,0.3
LeShun Daniels,22,4,0,3,14,0,8,4.7,3.5,0.8,0.0,0.0,0.0,0.0,0.0,0.0,0.0,0.0,0.0,3,4.7,14,0,0,1.4000000000000001,0.4
Stefon Diggs,24,14,14,8,13,0,9,1.6,0.9,0.6,95.0,64.0,849.0,13.3,8.0,59.0,4.6,60.6,67.4,72,12.0,862,8,0,198.2,14.2
Gerald Everett,23,16,2,1,13,0,13,13.0,0.8,0.1,32.0,16.0,244.0,15.3,2.0,69.0,1.0,15.3,50.0,17,15.1,257,2,1,53.7,3.4
De'Angelo Henderson,25,5,0,7,13,0,5,1.9,2.6,1.4,2.0,2.0,36.0,18.0,1.0,29.0,0.4,7.2,100.0,9,5.4,49,1,0,12.9,2.6
C.J. Ham,24,16,1,7,13,1,3,1.9,0.8,0.4,8.0,7.0,68.0,9.7,0.0,12.0,0.4,4.3,87.5,14,5.8,81,1,0,21.1,1.3
Aaron Ripkowski,25,16,2,5,13,0,4,2.6,0.8,0.3,10.0,7.0,39.0,5.6,0.0,12.0,0.4,2.4,70.0,12,4.3,52,0,0,12.2,0.8
Trevor Davis,24,16,0,2,13,0,9,6.5,0.8,0.1,7.0,5.0,70.0,14.0,0.0,29.0,0.3,4.4,71.4,7,11.9,83,0,0,13.3,0.8
Cooper Rush,24,2,0,2,13,0,15,6.5,6.5,1.0,0.0,0.0,0.0,0.0,0.0,0.0,0.0,0.0,0.0,2,6.5,13,0,0,1.3,0.6
Matthew Dayes,23,16,0,5,13,0,4,2.6,0.8,0.3,5.0,4.0,29.0,7.3,0.0,15.0,0.3,1.8,80.0,9,4.7,42,0,0,8.2,0.5
Robert Woods,25,12,11,2,12,0,8,6.0,1.0,0.2,85.0,56.0,781.0,13.9,5.0,94.0,4.7,65.1,65.9,58,13.7,793,5,1,165.3,13.8
Drew Brees,38,16,16,33,12,2,7,0.4,0.8,2.1,0.0,0.0,0.0,0.0,0.0,0.0,0.0,0.0,0.0,33,0.4,12,2,5,13.2,0.8
Jakeem Grant,25,16,0,3,12,0,7,4.0,0.8,0.2,22.0,13.0,203.0,15.6,2.0,65.0,0.8,12.7,59.1,16,13.4,215,2,2,46.5,2.9
Damiere Byrd,24,8,3,1,12,0,12,12.0,1.5,0.1,17.0,10.0,105.0,10.5,2.0,31.0,1.3,13.1,58.8,11,10.6,117,2,0,33.7,4.2
Andy Janovich,24,16,4,6,12,1,4,2.0,0.8,0.4,6.0,4.0,35.0,8.8,0.0,16.0,0.3,2.2,66.7,10,4.7,47,1,0,14.7,0.9
Carson Palmer,38,7,7,14,12,0,4,0.9,1.7,2.0,0.0,0.0,0.0,0.0,0.0,0.0,0.0,0.0,0.0,14,0.9,12,0,2,1.2000000000000002,0.2
Geno Smith,27,2,1,4,12,0,10,3.0,6.0,2.0,0.0,0.0,0.0,0.0,0.0,0.0,0.0,0.0,0.0,4,3.0,12,0,2,1.2000000000000002,0.6
Tyler Ervin,24,4,0,4,12,0,6,3.0,3.0,1.0,11.0,8.0,38.0,4.8,0.0,7.0,2.0,9.5,72.7,12,4.2,50,0,0,13.0,3.2
John Ross,23,3,1,1,12,0,12,12.0,4.0,0.3,2.0,0.0,0.0,0.0,0.0,0.0,0.0,0.0,0.0,1,12.0,12,0,1,1.2000000000000002,0.4
Adam Thielen,27,16,16,1,11,0,11,11.0,0.7,0.1,142.0,91.0,1276.0,14.0,4.0,65.0,5.7,79.8,64.1,92,14.0,1287,4,3,243.70000000000002,15.2
Jimmy Garoppolo,26,6,5,15,11,1,8,0.7,1.8,2.5,1.0,1.0,-6.0,-6.0,0.0,-6.0,0.2,-1.0,100.0,16,0.3,5,1,1,7.5,1.2
Mohamed Sanu,28,15,15,4,10,0,4,2.5,0.7,0.3,96.0,67.0,703.0,10.5,5.0,25.0,4.5,46.9,69.8,71,10.0,713,5,0,168.3,11.2
John Brown,27,10,5,1,10,0,10,10.0,1.0,0.1,55.0,21.0,299.0,14.2,3.0,52.0,2.1,29.9,38.2,22,14.0,309,3,0,69.9,7.0
Kasey Redfern,26,1,0,1,10,0,10,10.0,10.0,1.0,0.0,0.0,0.0,0.0,0.0,0.0,0.0,0.0,0.0,1,10.0,10,0,1,1.0,1.0
Patrick Mahomes,22,1,1,7,10,0,5,1.4,10.0,7.0,0.0,0.0,0.0,0.0,0.0,0.0,0.0,0.0,0.0,7,1.4,10,0,0,1.0,1.0
Robby Anderson,24,16,15,3,9,0,7,3.0,0.6,0.2,114.0,63.0,941.0,14.9,7.0,69.0,3.9,58.8,55.3,66,14.4,950,7,0,200.0,12.5
Will Fuller,23,10,10,2,9,0,5,4.5,0.9,0.2,50.0,28.0,423.0,15.1,7.0,59.0,2.8,42.3,56.0,30,14.4,432,7,0,113.2,11.3
Keenan Allen,25,16,15,2,9,0,6,4.5,0.6,0.1,159.0,102.0,1393.0,13.7,6.0,51.0,6.4,87.1,64.2,104,13.5,1402,6,1,278.20000000000005,17.4
Kenny Golladay,24,11,5,1,9,0,9,9.0,0.8,0.1,48.0,28.0,477.0,17.0,3.0,54.0,2.5,43.4,58.3,29,16.8,486,3,0,94.6,8.6
Matt Moore,33,4,2,3,9,0,7,3.0,2.3,0.8,0.0,0.0,0.0,0.0,0.0,0.0,0.0,0.0,0.0,3,3.0,9,0,0,0.9,0.2
Michael Burton,25,16,3,4,9,0,7,2.3,0.6,0.3,4.0,2.0,8.0,4.0,0.0,8.0,0.1,0.5,50.0,6,2.8,17,0,0,3.7,0.2
Jamal Agnew,22,13,0,2,9,0,5,4.5,0.7,0.2,2.0,2.0,18.0,9.0,0.0,12.0,0.2,1.4,100.0,4,6.8,27,0,3,4.7,0.4
Odell Beckham,25,4,2,1,8,0,8,8.0,2.0,0.3,41.0,25.0,302.0,12.1,3.0,48.0,6.3,75.5,61.0,26,11.9,310,3,0,74.0,18.5
David Fales,27,2,0,4,8,1,3,2.0,4.0,2.0,0.0,0.0,0.0,0.0,0.0,0.0,0.0,0.0,0.0,4,2.0,8,1,0,6.8,3.4
Chester Rogers,23,11,4,3,8,0,7,2.7,0.7,0.3,37.0,23.0,284.0,12.3,1.0,61.0,2.1,25.8,62.2,26,11.2,292,1,0,58.2,5.3
Jesus Wilson,22,3,1,3,8,0,8,2.7,2.7,1.0,1.0,1.0,18.0,18.0,1.0,18.0,0.3,6.0,100.0,4,6.5,26,1,0,9.6,3.2
Derrick Coleman,27,16,7,2,8,0,5,4.0,0.5,0.1,7.0,2.0,20.0,10.0,0.0,11.0,0.1,1.3,28.6,4,7.0,28,0,0,4.800000000000001,0.3
Terrell Watson,24,10,0,5,8,0,3,1.6,0.8,0.5,0.0,0.0,0.0,0.0,0.0,0.0,0.0,0.0,0.0,5,1.6,8,0,0,0.8,0.1
Travis Kelce,28,15,15,2,7,0,4,3.5,0.5,0.1,122.0,83.0,1038.0,12.5,8.0,44.0,5.5,69.2,68.0,85,12.3,1045,8,0,235.5,15.7
Nelson Agholor,24,16,10,1,7,0,7,7.0,0.4,0.1,95.0,62.0,768.0,12.4,8.0,72.0,3.9,48.0,65.3,63,12.3,775,8,0,187.5,11.7
Drew Stanton,33,5,4,9,7,0,5,0.8,1.4,1.8,0.0,0.0,0.0,0.0,0.0,0.0,0.0,0.0,0.0,9,0.8,7,0,3,0.7000000000000001,0.1
Phillip Dorsett,24,15,2,1,7,0,7,7.0,0.5,0.1,18.0,12.0,194.0,16.2,0.0,39.0,0.8,12.9,66.7,13,15.5,201,0,0,32.1,2.1
Jermaine Whitehead,24,10,0,1,7,0,7,7.0,0.7,0.1,0.0,0.0,0.0,0.0,0.0,0.0,0.0,0.0,0.0,1,7.0,7,0,0,0.7000000000000001,0.1
Albert Wilson,25,13,7,3,6,0,6,2.0,0.5,0.2,62.0,42.0,554.0,13.2,3.0,63.0,3.2,42.6,67.7,45,12.4,560,3,0,116.0,8.9
Josh Bellamy,28,15,7,1,6,0,6,6.0,0.4,0.1,46.0,24.0,376.0,15.7,1.0,46.0,1.6,25.1,52.2,25,15.3,382,1,0,68.2,4.5
Adam Humphries,24,16,3,1,6,0,6,6.0,0.4,0.1,83.0,61.0,631.0,10.3,1.0,43.0,3.8,39.4,73.5,62,10.3,637,1,1,130.7,8.2
Maxx Williams,23,11,8,2,6,0,4,3.0,0.5,0.2,18.0,15.0,86.0,5.7,1.0,17.0,1.4,7.8,83.3,17,5.4,92,1,1,30.200000000000003,2.7
Bryce Treggs,23,6,1,1,6,0,6,6.0,1.0,0.2,18.0,5.0,79.0,15.8,0.0,20.0,0.8,13.2,27.8,6,14.2,85,0,1,13.5,2.2
Pharoh Cooper,22,16,1,1,6,0,6,6.0,0.4,0.1,19.0,11.0,84.0,7.6,0.0,26.0,0.7,5.3,57.9,12,7.5,90,0,3,20.0,1.2
Tommy Bohanon,27,16,10,5,5,2,3,1.0,0.3,0.3,11.0,6.0,43.0,7.2,1.0,14.0,0.4,2.7,54.5,11,4.4,48,3,0,28.8,1.8
Josh Ferguson,24,10,0,1,5,0,5,5.0,0.5,0.1,4.0,3.0,16.0,5.3,0.0,8.0,0.3,1.6,75.0,4,5.3,21,0,0,5.1,0.5
Jacob Hollister,24,15,1,1,5,0,5,5.0,0.3,0.1,11.0,4.0,42.0,10.5,0.0,19.0,0.3,2.8,36.4,5,9.4,47,0,0,8.7,0.6
Ryan Switzer,23,16,0,4,5,0,3,1.3,0.3,0.3,7.0,6.0,41.0,6.8,0.0,12.0,0.4,2.6,85.7,10,4.6,46,0,1,10.600000000000001,0.7
Amari Cooper,23,14,12,1,4,0,4,4.0,0.3,0.1,96.0,48.0,680.0,14.2,7.0,87.0,3.4,48.6,50.0,49,14.0,684,7,1,158.4,11.3
Mike Wallace,31,15,14,1,4,0,4,4.0,0.3,0.1,92.0,52.0,748.0,14.4,4.0,66.0,3.5,49.9,56.5,53,14.2,752,4,0,151.2,10.1
Sterling Shepard,24,11,10,4,4,0,12,1.0,0.4,0.4,84.0,59.0,731.0,12.4,2.0,77.0,5.4,66.5,70.2,63,11.7,735,2,1,144.5,13.1
De'Anthony Thomas,24,16,2,1,4,0,4,4.0,0.3,0.1,16.0,14.0,143.0,10.2,2.0,57.0,0.9,8.9,87.5,15,9.8,147,2,1,40.7,2.5
Rashard Higgins,23,15,4,1,4,0,4,4.0,0.3,0.1,50.0,27.0,312.0,11.6,2.0,56.0,1.8,20.8,54.0,28,11.3,316,2,1,70.6,4.7
Brian Hoyer,32,11,6,9,4,1,9,0.4,0.4,0.8,0.0,0.0,0.0,0.0,0.0,0.0,0.0,0.0,0.0,9,0.4,4,1,3,6.4,0.6
Jalston Fowler,27,10,1,2,4,1,3,2.0,0.4,0.2,1.0,0.0,0.0,0.0,0.0,0.0,0.0,0.0,0.0,2,2.0,4,1,0,6.4,0.6
Mike Glennon,28,4,4,4,4,0,2,1.0,1.0,1.0,0.0,0.0,0.0,0.0,0.0,0.0,0.0,0.0,0.0,4,1.0,4,0,5,0.4,0.1
Niles Paul,28,14,8,2,4,0,5,2.0,0.3,0.1,19.0,13.0,94.0,7.2,0.0,32.0,0.9,6.7,68.4,15,6.5,98,0,0,22.8,1.6
Wil Lutz,23,16,0,1,4,0,4,4.0,0.3,0.1,0.0,0.0,0.0,0.0,0.0,0.0,0.0,0.0,0.0,1,4.0,4,0,0,0.4,0.0
Isaiah McKenzie,22,11,0,1,4,0,4,4.0,0.4,0.1,13.0,4.0,29.0,7.3,0.0,14.0,0.4,2.6,30.8,5,6.6,33,0,6,7.300000000000001,0.7
Tavarres King,27,8,3,2,3,0,11,1.5,0.4,0.3,37.0,18.0,240.0,13.3,3.0,57.0,2.3,30.0,48.6,20,12.2,243,3,0,60.3,7.5
Nick Foles,28,7,3,11,3,0,9,0.3,0.4,1.6,0.0,0.0,0.0,0.0,0.0,0.0,0.0,0.0,0.0,11,0.3,3,0,6,0.30000000000000004,0.0
Vince Mayle,26,16,0,2,2,1,2,1.0,0.1,0.1,1.0,0.0,0.0,0.0,0.0,0.0,0.0,0.0,0.0,2,1.0,2,1,0,6.2,0.4
Josh Malone,21,11,7,2,2,0,4,1.0,0.2,0.2,17.0,6.0,63.0,10.5,1.0,25.0,0.5,5.7,35.3,8,8.1,65,1,0,18.5,1.7
John Kuhn,35,2,1,1,2,0,2,2.0,1.0,0.5,0.0,0.0,0.0,0.0,0.0,0.0,0.0,0.0,0.0,1,2.0,2,0,0,0.2,0.1
Scott Tolzien,30,1,1,2,2,0,3,1.0,2.0,2.0,0.0,0.0,0.0,0.0,0.0,0.0,0.0,0.0,0.0,2,1.0,2,0,1,0.2,0.2
Bobby Rainey,30,4,0,1,2,0,2,2.0,0.5,0.3,7.0,5.0,18.0,3.6,0.0,12.0,1.3,4.5,71.4,6,3.3,20,0,0,7.0,1.8
Tom Savage,27,8,7,4,2,0,3,0.5,0.3,0.5,0.0,0.0,0.0,0.0,0.0,0.0,0.0,0.0,0.0,4,0.5,2,0,8,0.2,0.0
Nat Berhe,26,15,0,1,2,0,2,2.0,0.1,0.1,0.0,0.0,0.0,0.0,0.0,0.0,0.0,0.0,0.0,1,2.0,2,0,0,0.2,0.0
Taylor Heinicke,24,1,0,1,2,0,2,2.0,2.0,1.0,0.0,0.0,0.0,0.0,0.0,0.0,0.0,0.0,0.0,1,2.0,2,0,0,0.2,0.2
David Njoku,21,16,5,1,1,0,1,1.0,0.1,0.1,60.0,32.0,386.0,12.1,4.0,34.0,2.0,24.1,53.3,33,11.7,387,4,0,94.7,5.9
Kyle Williams,34,16,16,1,1,1,1,1.0,0.1,0.1,0.0,0.0,0.0,0.0,0.0,0.0,0.0,0.0,0.0,1,1.0,1,1,0,6.1,0.4
Braxton Miller,25,11,3,1,1,0,1,1.0,0.1,0.1,29.0,19.0,162.0,8.5,1.0,57.0,1.7,14.7,65.5,20,8.2,163,1,0,41.3,3.8
Lawrence Thomas,24,14,4,2,1,0,1,0.5,0.1,0.1,7.0,6.0,43.0,7.2,0.0,15.0,0.4,3.1,85.7,8,5.5,44,0,0,10.4,0.7
Devante Mays,23,8,0,4,1,0,2,0.3,0.1,0.5,3.0,3.0,0.0,0.0,0.0,1.0,0.4,0.0,100.0,7,0.1,1,0,2,3.1,0.4
Justin Davis,22,4,0,1,1,0,1,1.0,0.3,0.3,0.0,0.0,0.0,0.0,0.0,0.0,0.0,0.0,0.0,1,1.0,1,0,0,0.1,0.0
Roosevelt Nix,25,16,4,3,0,1,1,0.0,0.0,0.2,3.0,2.0,6.0,3.0,1.0,5.0,0.1,0.4,66.7,5,1.2,6,2,0,14.6,0.9
Eric Weems,32,16,0,1,0,0,0,0.0,0.0,0.1,2.0,1.0,5.0,5.0,0.0,5.0,0.1,0.3,50.0,2,2.5,5,0,0,1.5,0.1
C.J. Spiller,30,1,0,2,0,0,1,0.0,0.0,2.0,2.0,0.0,0.0,0.0,0.0,0.0,0.0,0.0,0.0,2,0.0,0,0,0,0.0,0.0
Matthew Bosher,30,16,0,1,0,0,0,0.0,0.0,0.1,0.0,0.0,0.0,0.0,0.0,0.0,0.0,0.0,0.0,1,0.0,0,0,0,0.0,0.0
Tyler Bray,26,1,0,1,0,0,0,0.0,0.0,1.0,0.0,0.0,0.0,0.0,0.0,0.0,0.0,0.0,0.0,1,0.0,0,0,1,0.0,0.0
Austin Davis,28,3,0,1,-1,0,-1,-1.0,-0.3,0.3,0.0,0.0,0.0,0.0,0.0,0.0,0.0,0.0,0.0,1,-1.0,-1,0,0,-0.1,-0.0
Cody Kessler,24,3,0,1,-1,0,-1,-1.0,-0.3,0.3,0.0,0.0,0.0,0.0,0.0,0.0,0.0,0.0,0.0,1,-1.0,-1,0,0,-0.1,-0.0
Kalif Raymond,23,8,0,1,-1,0,0,-1.0,-0.1,0.1,1.0,1.0,12.0,12.0,0.0,12.0,0.1,1.5,100.0,2,5.5,11,0,5,2.1,0.3
Delanie Walker,33,16,11,2,-2,1,1,-1.0,-0.1,0.1,111.0,74.0,807.0,10.9,3.0,42.0,4.6,50.4,66.7,76,10.6,805,4,2,178.5,11.2
Philip Rivers,36,16,16,18,-2,0,8,-0.1,-0.1,1.1,0.0,0.0,0.0,0.0,0.0,0.0,0.0,0.0,0.0,18,-0.1,-2,0,8,-0.2,-0.0
Derek Anderson,34,3,0,2,-2,0,-1,-1.0,-0.7,0.7,0.0,0.0,0.0,0.0,0.0,0.0,0.0,0.0,0.0,2,-1.0,-2,0,0,-0.2,-0.1
Chase Daniel,31,1,0,3,-2,0,0,-0.7,-2.0,3.0,0.0,0.0,0.0,0.0,0.0,0.0,0.0,0.0,0.0,3,-0.7,-2,0,0,-0.2,-0.2
Darren McFadden,30,1,0,1,-2,0,-2,-2.0,-2.0,1.0,0.0,0.0,0.0,0.0,0.0,0.0,0.0,0.0,0.0,1,-2.0,-2,0,0,-0.2,-0.2
Patrick DiMarco,28,16,9,2,-2,0,0,-1.0,-0.1,0.1,10.0,7.0,28.0,4.0,0.0,9.0,0.4,1.8,70.0,9,2.9,26,0,0,9.6,0.6
Sean Mannion,25,5,1,9,-2,0,3,-0.2,-0.4,1.8,0.0,0.0,0.0,0.0,0.0,0.0,0.0,0.0,0.0,9,-0.2,-2,0,2,-0.2,-0.0
Bronson Hill,24,2,0,1,-2,0,-2,-2.0,-1.0,0.5,0.0,0.0,0.0,0.0,0.0,0.0,0.0,0.0,0.0,1,-2.0,-2,0,0,-0.2,-0.1
Rishard Matthews,28,14,11,1,-3,0,-3,-3.0,-0.2,0.1,87.0,53.0,795.0,15.0,4.0,75.0,3.8,56.8,60.9,54,14.7,792,4,0,156.2,11.2
Torrey Smith,28,16,14,1,-3,0,-3,-3.0,-0.2,0.1,67.0,36.0,430.0,11.9,2.0,59.0,2.3,26.9,53.7,37,11.5,427,2,0,90.7,5.7
Sam Bradford,30,2,2,2,-3,0,-1,-1.5,-1.5,1.0,0.0,0.0,0.0,0.0,0.0,0.0,0.0,0.0,0.0,2,-1.5,-3,0,0,-0.30000000000000004,-0.2
Ryan Mallett,29,2,0,4,-3,0,0,-0.8,-1.5,2.0,0.0,0.0,0.0,0.0,0.0,0.0,0.0,0.0,0.0,4,-0.8,-3,0,1,-0.30000000000000004,-0.2
Teddy Bridgewater,25,1,0,3,-3,0,-1,-1.0,-3.0,3.0,0.0,0.0,0.0,0.0,0.0,0.0,0.0,0.0,0.0,3,-1.0,-3,0,0,-0.30000000000000004,-0.3
Dez Bryant,29,16,16,1,-4,0,-4,-4.0,-0.3,0.1,132.0,69.0,838.0,12.1,6.0,50.0,4.3,52.4,52.3,70,11.9,834,6,1,188.4,11.8
Deonte Thompson,28,16,10,2,-5,0,0,-2.5,-0.3,0.1,69.0,38.0,555.0,14.6,2.0,46.0,2.4,34.7,55.1,40,13.8,550,2,1,105.0,6.6
Kellen Clemens,34,8,0,5,-5,0,-1,-1.0,-0.6,0.6,0.0,0.0,0.0,0.0,0.0,0.0,0.0,0.0,0.0,5,-1.0,-5,0,0,-0.5,-0.1
Chad Henne,32,2,0,5,-5,0,-1,-1.0,-2.5,2.5,0.0,0.0,0.0,0.0,0.0,0.0,0.0,0.0,0.0,5,-1.0,-5,0,0,-0.5,-0.2
Jarvis Landry,25,16,16,1,-7,0,-7,-7.0,-0.4,0.1,161.0,112.0,987.0,8.8,9.0,49.0,7.0,61.7,69.6,113,8.7,980,9,4,264.0,16.5
Doug Baldwin,29,16,16,2,-8,0,-3,-4.0,-0.5,0.1,116.0,75.0,991.0,13.2,8.0,54.0,4.7,61.9,64.7,77,12.8,983,8,0,221.3,13.8
Josh Hill,27,16,11,1,-8,0,-8,-8.0,-0.5,0.1,22.0,16.0,125.0,7.8,1.0,22.0,1.0,7.8,72.7,17,6.9,117,1,2,33.7,2.1
Chris Moore,24,13,4,2,-9,0,-4,-4.5,-0.7,0.2,38.0,18.0,248.0,13.8,3.0,30.0,1.4,19.1,47.4,20,12.0,239,3,0,59.900000000000006,4.6
Landry Jones,28,3,1,8,-10,0,0,-1.3,-3.3,2.7,0.0,0.0,0.0,0.0,0.0,0.0,0.0,0.0,0.0,8,-1.3,-10,0,1,-1.0,-0.3
Josh Doctson,25,16,14,1,-14,0,-14,-14.0,-0.9,0.1,78.0,35.0,502.0,14.3,6.0,52.0,2.2,31.4,44.9,36,13.6,488,6,0,119.80000000000001,7.5
Marquette King,29,16,0,2,-14,0,-3,-7.0,-0.9,0.1,0.0,0.0,0.0,0.0,0.0,0.0,0.0,0.0,0.0,2,-7.0,-14,0,0,-1.4000000000000001,-0.1
